Name,GitHubID
Ache,wodeche
SwiftEvo,Swiftevo
Connie,rich-loam
Oscar,luffythink
Linda,Linda-zx
Kevin,ztm0929
BigFei,hBigFei
bububut,bububut
Lorin,lulleeeeee
realgu,ChengruiGu
Lillian,lilian79511
Paris,paaarissss
Tristan,Tristan3198
Stella,LunaWang5209
chloe,Chloezhu010
FANJIA,Vansir01
KarlLEEN,KarlLeen
haoran,NeoLeeAI
Rae,Raeeeeelei
Lelouch,JL-Lelouch
flytoufu,flytoufu2024
Punkcan,punkcanyang
Marcus,MRzzz-cyber
Ray,rayjun
Jessie,JessieJiang2021
yulai,yulai-123
Mercy,Warmicy
Daniel,Insomnia501
wenQ,wenQian-see
Reign,taoranzhishang
Ailce889,Ailce889
Nour,Nourbit
owen,zhangtaotaoBTC
char,charlottyge